normalized_title,count
信号回路图,11
交换机回路图{N},9
元件接线图,9
测控{N}控制回路图,9
操作箱原理图{N},9
交流回路图,8
交直流回路图,7
左侧端子图,7
交换机接线图{N},7
跳闸出口回路{N},6
时钟对时回路图{N},6
压板及功能接点开入图,5
采集器开入回路{N},4
PMU采集器背板接线图{N},4
高压侧操作箱原理图{N},4
交流电流回路{N},4
主保护箱背面接线图{N},4
交换机回路图,3
交直流电源回路图,3
直流回路图{N},3
右侧端子图,3
标签框图,3
主接线示意图,3
交流电压回路,3
交直流回路,3
通讯、对时及打印回路,3
压板及功能接点开入图{N},3
非电量信号输出回路{N},3
网络通讯及对时回路,3
跳闸出口回路图,3
电度表接线图{N},3
通信管理机回路图,2
通信管理机接线图,2
交流电源回路图,2
电压并列回路{N},2
高压侧开入回路图{N},2
{N}#低压侧开入回路图,2
{N}#低压侧控制回路图,2
本体测控开入回路图{N},2
{N}#低压侧测控装置背板,2
交直流回路图{N},2
信号直流测量回路图{N},2
非电量保护箱背面接线图{N},2
失灵启动输入接点{N},2
信号接点输出回路图,2
网络回路图,2
防孤岛保护背板{N},2
电度表通信回{N},2
压板标签示意图图,2
光纤通道回路,2
主保护背板接线图,2
操作箱背板接线图{N},2
远动接口联系回路图,1
直流电源回路图,1
开入回路图,1
装置背板,1
高压侧控制回路图,1
本体测控控制回路图,1
有载调压回路图,1
高压侧测控装置背板,1
非电量测控装置背板,1
对时回路图,1
PMU集中器背板接线图,1
交换机背板图,1
交流电流回路,1
信号输出回路图,1
主保护箱背面接线图,1
高压侧操作箱背面接线图,1
母联保护背板接线图,1
操作箱背板接线图,1
左侧端子表{N},1
右侧端子表{N},1
防孤岛回路图,1
电能质量监测装置背板,1
电能量采集回路图,1
网络信号回路图,1
保护及故障信息子站接线图,1
交换机接线图,1
防火墙接线图,1
时钟联系图,1
